category	name	home	sdram	repository	branch	source_id	status	build_script	artifact	timing	hardware	comments
_Arcade	Act-Fancer: Cybernetick Hyper Weapon		yes	https://github.com/MiSTer-devel/Arcade-ActFancer_MISTer.git		MiSTer-devel_Arcade-ActFancer_MISTer	not-ported			not-run	not-run	
_Arcade	Arabian		no	https://github.com/MiSTer-devel/Arcade-Arabian_MiSTer.git		MiSTer-devel_Arcade-Arabian_MiSTer	not-ported			not-run	not-run	
_Arcade	Arkanoid		no	https://github.com/MiSTer-devel/Arcade-Arkanoid_MISTer.git		MiSTer-devel_Arcade-Arkanoid_MISTer	not-ported			not-run	not-run	
_Arcade	Asteroids Deluxe		yes	https://github.com/MiSTer-devel/Arcade-Asteroids_MiSTer.git		MiSTer-devel_Arcade-Asteroids_MiSTer	not-ported			not-run	not-run	
_Arcade	Bally&nbsp;Midway&nbsp;Astrocade&nbsp;/&nbsp;Bally&nbsp;Midway&nbsp;Arcade		no	https://github.com/MiSTer-devel/Arcade-Astrocade_MiSTer.git		MiSTer-devel_Arcade-Astrocade_MiSTer	not-ported			not-run	not-run	
_Arcade	Atari System-1		yes	https://github.com/MiSTer-devel/Arcade-Atari-system1_MiSTer.git		MiSTer-devel_Arcade-Atari-system1_MiSTer	not-ported			not-run	not-run	
_Arcade	Atari System-2		yes	https://github.com/MiSTer-devel/Arcade-AtariSystem2_MiSTer.git		MiSTer-devel_Arcade-AtariSystem2_MiSTer	not-ported			not-run	not-run	
_Arcade	Atari Tetris		no	https://github.com/MiSTer-devel/Arcade-ATetris_MiSTer.git		MiSTer-devel_Arcade-ATetris_MiSTer	not-ported			not-run	not-run	
_Arcade	Athena		no	https://github.com/MiSTer-devel/Arcade-Athena_MiSTer.git		MiSTer-devel_Arcade-Athena_MiSTer	not-ported			not-run	not-run	
_Arcade	Bagman / Le Bagnard		no	https://github.com/MiSTer-devel/Arcade-Bagman_MiSTer.git		MiSTer-devel_Arcade-Bagman_MiSTer	not-ported			not-run	not-run	
_Arcade	Bank Panic!		no	https://github.com/MiSTer-devel/Arcade-BankPanic_MiSTer.git		MiSTer-devel_Arcade-BankPanic_MiSTer	not-ported			not-run	not-run	
_Arcade	BattleZone		no	https://github.com/MiSTer-devel/Arcade-BattleZone_MiSTer.git		MiSTer-devel_Arcade-BattleZone_MiSTer	not-ported			not-run	not-run	
_Arcade	Berzerk		no	https://github.com/MiSTer-devel/Arcade-Berzerk_MiSTer.git		MiSTer-devel_Arcade-Berzerk_MiSTer	not-ported			not-run	not-run	
_Arcade	Black Widow		yes	https://github.com/MiSTer-devel/Arcade-BlackWidow_MiSTer.git		MiSTer-devel_Arcade-BlackWidow_MiSTer	not-ported			not-run	not-run	
_Arcade	Blockade		no	https://github.com/MiSTer-devel/Arcade-Blockade_MiSTer.git		MiSTer-devel_Arcade-Blockade_MiSTer	not-ported			not-run	not-run	
_Arcade	Blood Bros		yes	https://github.com/MiSTer-devel/Arcade-BloodBros_MiSTer.git		MiSTer-devel_Arcade-BloodBros_MiSTer	not-ported			not-run	not-run	
_Arcade	Blue Print		no	https://github.com/MiSTer-devel/Arcade-BluePrint_MiSTer.git		MiSTer-devel_Arcade-BluePrint_MiSTer	not-ported			not-run	not-run	
_Arcade	Bomb Jack		no	https://github.com/MiSTer-devel/Arcade-BombJack_MiSTer.git		MiSTer-devel_Arcade-BombJack_MiSTer	not-ported			not-run	not-run	
_Arcade	Boogie Wings		yes	https://github.com/MiSTer-devel/Arcade-BoogieWings_MiSTer.git		MiSTer-devel_Arcade-BoogieWings_MiSTer	not-ported			not-run	not-run	
_Arcade	Bosconian		no	https://github.com/MiSTer-devel/Arcade-Bosconian_MiSTer.git		MiSTer-devel_Arcade-Bosconian_MiSTer	not-ported			not-run	not-run	
_Arcade	Breakout		no	https://github.com/MiSTer-devel/Arcade-Breakout_MiSTer.git		MiSTer-devel_Arcade-Breakout_MiSTer	not-ported			not-run	not-run	
_Arcade	BubSys		yes	https://github.com/MiSTer-devel/Arcade-BubSys_MiSTer.git		MiSTer-devel_Arcade-BubSys_MiSTer	not-ported			not-run	not-run	
_Arcade	BubSysROM		yes	https://github.com/MiSTer-devel/Arcade-BubSysROM_MiSTer.git		MiSTer-devel_Arcade-BubSysROM_MiSTer	not-ported			not-run	not-run	
_Arcade	Burger Time		no	https://github.com/MiSTer-devel/Arcade-BurgerTime_MiSTer.git		MiSTer-devel_Arcade-BurgerTime_MiSTer	not-ported			not-run	not-run	
_Arcade	Burnin' Rubber / Car Action		no	https://github.com/MiSTer-devel/Arcade-BurningRubber_MiSTer.git		MiSTer-devel_Arcade-BurningRubber_MiSTer	not-ported			not-run	not-run	
_Arcade	Canyon Bomber		no	https://github.com/MiSTer-devel/Arcade-CanyonBomber_MiSTer.git		MiSTer-devel_Arcade-CanyonBomber_MiSTer	not-ported			not-run	not-run	
_Arcade	Cave		yes	https://github.com/MiSTer-devel/Arcade-Cave_MiSTer.git		MiSTer-devel_Arcade-Cave_MiSTer	not-ported			not-run	not-run	
_Arcade	Cave (Banpresto)		yes	https://github.com/MiSTer-devel/Arcade-CaveBanpresto_MiSTer.git		MiSTer-devel_Arcade-CaveBanpresto_MiSTer	not-ported			not-run	not-run	
_Arcade	Centipede		no	https://github.com/MiSTer-devel/Arcade-Centipede_MiSTer.git		MiSTer-devel_Arcade-Centipede_MiSTer	not-ported			not-run	not-run	
_Arcade	Chameleon		no	https://github.com/MiSTer-devel/Arcade-Chameleon_MiSTer.git		MiSTer-devel_Arcade-Chameleon_MiSTer	not-ported			not-run	not-run	
_Arcade	Champion Base Ball		no	https://github.com/MiSTer-devel/Arcade-ChampionBaseball_MiSTer.git		MiSTer-devel_Arcade-ChampionBaseball_MiSTer	not-ported			not-run	not-run	
_Arcade	China Gate		yes	https://github.com/MiSTer-devel/Arcade-ChinaGate_MiSTer.git		MiSTer-devel_Arcade-ChinaGate_MiSTer	not-ported			not-run	not-run	
_Arcade	City Connection		no	https://github.com/MiSTer-devel/Arcade-CityConnection_MiSTer.git		MiSTer-devel_Arcade-CityConnection_MiSTer	not-ported			not-run	not-run	
_Arcade	Computer Space		no	https://github.com/MiSTer-devel/Arcade-ComputerSpace_MiSTer.git		MiSTer-devel_Arcade-ComputerSpace_MiSTer	not-ported			not-run	not-run	
_Arcade	Congo Bongo		no	https://github.com/MiSTer-devel/Arcade-CongoBongo_MiSTer.git		MiSTer-devel_Arcade-CongoBongo_MiSTer	not-ported			not-run	not-run	
_Arcade	Universal Cosmic games		yes	https://github.com/MiSTer-devel/Arcade-Cosmic_MiSTer.git		MiSTer-devel_Arcade-Cosmic_MiSTer	not-ported			not-run	not-run	
_Arcade	Cosmic Guerilla		yes	https://github.com/MiSTer-devel/Arcade-CosmicGuerilla_MiSTer.git		MiSTer-devel_Arcade-CosmicGuerilla_MiSTer	not-ported			not-run	not-run	
_Arcade	Crazy Balloon		no	https://github.com/MiSTer-devel/Arcade-CrazyBalloon_MiSTer.git		MiSTer-devel_Arcade-CrazyBalloon_MiSTer	not-ported			not-run	not-run	
_Arcade	Crazy Climber		no	https://github.com/MiSTer-devel/Arcade-CrazyClimber_MiSTer.git		MiSTer-devel_Arcade-CrazyClimber_MiSTer	not-ported			not-run	not-run	
_Arcade	Crazy Kong		no	https://github.com/MiSTer-devel/Arcade-CrazyKong_MiSTer.git		MiSTer-devel_Arcade-CrazyKong_MiSTer	not-ported			not-run	not-run	
_Arcade	Crystal Castles		no	https://github.com/MiSTer-devel/Arcade-CrystalCastles_MiSTer.git		MiSTer-devel_Arcade-CrystalCastles_MiSTer	not-ported			not-run	not-run	
_Arcade	Darius 2 Triple Screen		yes	https://github.com/MiSTer-devel/Arcade-Darius2NinjaWarriors_MiSTer.git		MiSTer-devel_Arcade-Darius2NinjaWarriors_MiSTer	not-ported			not-run	not-run	Triple screen
_Arcade	Darius 2 Dual Screen		yes	https://github.com/MiSTer-devel/Arcade-Darius2WarriorBlade_MiSTer.git		MiSTer-devel_Arcade-Darius2WarriorBlade_MiSTer	not-ported			not-run	not-run	Dual screen
_Arcade	Darius		yes	https://github.com/MiSTer-devel/Arcade-Darius_MiSTer.git		MiSTer-devel_Arcade-Darius_MiSTer	not-ported			not-run	not-run	Triple screen
_Arcade	D-Con		yes	https://github.com/MiSTer-devel/Arcade-Dcon_MiSTer.git		MiSTer-devel_Arcade-Dcon_MiSTer	not-ported			not-run	not-run	
_Arcade	Deco16		yes	https://github.com/MiSTer-devel/Arcade-Deco16_Mister.git		MiSTer-devel_Arcade-Deco16_Mister	not-ported			not-run	not-run	
_Arcade	Deco Cassette System		yes	https://github.com/MiSTer-devel/Arcade-DECOCassette_MiSTer.git		MiSTer-devel_Arcade-DECOCassette_MiSTer	not-ported			not-run	not-run	
_Arcade	Defender		no	https://github.com/MiSTer-devel/Arcade-Defender_MiSTer.git		MiSTer-devel_Arcade-Defender_MiSTer	not-ported			not-run	not-run	
_Arcade	Denjin Makai		yes	https://github.com/MiSTer-devel/Arcade-DenjinMakai_MiSTer.git		MiSTer-devel_Arcade-DenjinMakai_MiSTer	not-ported			not-run	not-run	
_Arcade	Dig Dug		no	https://github.com/MiSTer-devel/Arcade-DigDug_MiSTer.git		MiSTer-devel_Arcade-DigDug_MiSTer	not-ported			not-run	not-run	
_Arcade	Dominos		no	https://github.com/MiSTer-devel/Arcade-Dominos_MiSTer.git		MiSTer-devel_Arcade-Dominos_MiSTer	not-ported			not-run	not-run	
_Arcade	Donkey Kong 3		no	https://github.com/MiSTer-devel/Arcade-DonkeyKong3_MiSTer.git		MiSTer-devel_Arcade-DonkeyKong3_MiSTer	not-ported			not-run	not-run	
_Arcade	Donkey Kong		no	https://github.com/MiSTer-devel/Arcade-DonkeyKong_MiSTer.git		MiSTer-devel_Arcade-DonkeyKong_MiSTer	not-ported			not-run	not-run	
_Arcade	Donkey Kong Junior / Donkey Kong Jr.		no	https://github.com/MiSTer-devel/Arcade-DonkeyKongJunior_MiSTer.git		MiSTer-devel_Arcade-DonkeyKongJunior_MiSTer	not-ported			not-run	not-run	
_Arcade	Dottori-Kun		no	https://github.com/MiSTer-devel/Arcade-DottoriKun_MiSTer.git		MiSTer-devel_Arcade-DottoriKun_MiSTer	not-ported			not-run	not-run	
_Arcade	The Tower of Druaga		no	https://github.com/MiSTer-devel/Arcade-Druaga_MiSTer.git		MiSTer-devel_Arcade-Druaga_MiSTer	not-ported			not-run	not-run	
_Arcade	Exerion		no	https://github.com/MiSTer-devel/Arcade-Exerion_MiSTer.git		MiSTer-devel_Arcade-Exerion_MiSTer	not-ported			not-run	not-run	
_Arcade	Exidy2		no	https://github.com/MiSTer-devel/Arcade-Exidy2_MiSTer.git		MiSTer-devel_Arcade-Exidy2_MiSTer	not-ported			not-run	not-run	
_Arcade	Express Raider		no	https://github.com/MiSTer-devel/Arcade-ExpressRaider_MiSTer.git		MiSTer-devel_Arcade-ExpressRaider_MiSTer	not-ported			not-run	not-run	
_Arcade	Finalizer - Super Transformation		no	https://github.com/MiSTer-devel/Arcade-Finalizer_MiSTer.git		MiSTer-devel_Arcade-Finalizer_MiSTer	not-ported			not-run	not-run	
_Arcade	Food Fight		no	https://github.com/MiSTer-devel/Arcade-FoodFight_MiSTer.git		MiSTer-devel_Arcade-FoodFight_MiSTer	not-ported			not-run	not-run	
_Arcade	Freeze		no	https://github.com/MiSTer-devel/Arcade-Freeze_MiSTer.git		MiSTer-devel_Arcade-Freeze_MiSTer	not-ported			not-run	not-run	
_Arcade	Frenzy		no	https://github.com/MiSTer-devel/Arcade-Frenzy_MiSTer.git		MiSTer-devel_Arcade-Frenzy_MiSTer	not-ported			not-run	not-run	
_Arcade	Galaga		no	https://github.com/MiSTer-devel/Arcade-Galaga_MiSTer.git		MiSTer-devel_Arcade-Galaga_MiSTer	not-ported			not-run	not-run	
_Arcade	Galaxian		no	https://github.com/MiSTer-devel/Arcade-Galaxian_MiSTer.git		MiSTer-devel_Arcade-Galaxian_MiSTer	not-ported			not-run	not-run	
_Arcade	Galivan		no	https://github.com/MiSTer-devel/Arcade-Galivan_MiSTer.git		MiSTer-devel_Arcade-Galivan_MiSTer	not-ported			not-run	not-run	
_Arcade	Gaplus / Galaga 3		no	https://github.com/MiSTer-devel/Arcade-Gaplus_MiSTer.git		MiSTer-devel_Arcade-Gaplus_MiSTer	not-ported			not-run	not-run	
_Arcade	Gauntlet		yes	https://github.com/MiSTer-devel/Arcade-Gauntlet_MiSTer.git		MiSTer-devel_Arcade-Gauntlet_MiSTer	not-ported			not-run	not-run	
_Arcade	Godzilla		yes	https://github.com/MiSTer-devel/Arcade-Godzilla_MiSTer.git		MiSTer-devel_Arcade-Godzilla_MiSTer	not-ported			not-run	not-run	
_Arcade	Gulf War II		yes	https://github.com/MiSTer-devel/Arcade-GulfWarII_MiSTer.git		MiSTer-devel_Arcade-GulfWarII_MiSTer	not-ported			not-run	not-run	
_Arcade	SD Gundam Psycho Salamander no Kyoui		yes	https://github.com/MiSTer-devel/Arcade-GundamSD_MiSTer.git		MiSTer-devel_Arcade-GundamSD_MiSTer	not-ported			not-run	not-run	
_Arcade	Gyruss		no	https://github.com/MiSTer-devel/Arcade-Gyruss_MiSTer.git		MiSTer-devel_Arcade-Gyruss_MiSTer	not-ported			not-run	not-run	
_Arcade	Heated Barrel		yes	https://github.com/MiSTer-devel/Arcade-HeatedBarrel_MiSTer.git		MiSTer-devel_Arcade-HeatedBarrel_MiSTer	not-ported			not-run	not-run	
_Arcade	IGS PGM		yes	https://github.com/MiSTer-devel/Arcade-IGSPGM_MiSTer.git		MiSTer-devel_Arcade-IGSPGM_MiSTer	not-ported			not-run	not-run	
_Arcade	Ikari Warriors		yes	https://github.com/MiSTer-devel/Arcade-IkariWarriors_MiSTer.git		MiSTer-devel_Arcade-IkariWarriors_MiSTer	not-ported			not-run	not-run	
_Arcade	Inferno		no	https://github.com/MiSTer-devel/Arcade-Inferno_MiSTer.git		MiSTer-devel_Arcade-Inferno_MiSTer	not-ported			not-run	not-run	
_Arcade	Irem M107		yes	https://github.com/MiSTer-devel/Arcade-IremM107_MiSTer.git		MiSTer-devel_Arcade-IremM107_MiSTer	not-ported			not-run	not-run	
_Arcade	Irem M62		yes	https://github.com/MiSTer-devel/Arcade-IremM62_MiSTer.git		MiSTer-devel_Arcade-IremM62_MiSTer	not-ported			not-run	not-run	
_Arcade	Irem M72		yes	https://github.com/MiSTer-devel/Arcade-IremM72_MiSTer.git		MiSTer-devel_Arcade-IremM72_MiSTer	not-ported			not-run	not-run	
_Arcade	Irem M90		yes	https://github.com/MiSTer-devel/Arcade-IremM90_MiSTer.git		MiSTer-devel_Arcade-IremM90_MiSTer	not-ported			not-run	not-run	
_Arcade	Irem M92		yes	https://github.com/MiSTer-devel/Arcade-IremM92_MiSTer.git		MiSTer-devel_Arcade-IremM92_MiSTer	not-ported			not-run	not-run	
_Arcade	Iron Horse		no	https://github.com/MiSTer-devel/Arcade-IronHorse_MiSTer.git		MiSTer-devel_Arcade-IronHorse_MiSTer	not-ported			not-run	not-run	
_Arcade	Jackal		yes	https://github.com/MiSTer-devel/Arcade-Jackal_MiSTer.git		MiSTer-devel_Arcade-Jackal_MiSTer	not-ported			not-run	not-run	
_Arcade	Jailbreak		no	https://github.com/MiSTer-devel/Arcade-Jailbreak_MiSTer.git		MiSTer-devel_Arcade-Jailbreak_MiSTer	not-ported			not-run	not-run	
_Arcade	Joust 2: Survival of the Fittest		no	https://github.com/MiSTer-devel/Arcade-Joust2_MiSTer.git		MiSTer-devel_Arcade-Joust2_MiSTer	not-ported			not-run	not-run	
_Arcade	Juno First		no	https://github.com/MiSTer-devel/Arcade-JunoFirst_MiSTer.git		MiSTer-devel_Arcade-JunoFirst_MiSTer	not-ported			not-run	not-run	
_Arcade	Kangaroo		no	https://github.com/MiSTer-devel/Arcade-Kangaroo_MiSTer.git		MiSTer-devel_Arcade-Kangaroo_MiSTer	not-ported			not-run	not-run	
_Arcade	Kick And Run		no	https://github.com/MiSTer-devel/Arcade-KickAndRun_MiSTer.git		MiSTer-devel_Arcade-KickAndRun_MiSTer	not-ported			not-run	not-run	
_Arcade	Klax		no	https://github.com/MiSTer-devel/Arcade-Klax_MiSTer.git		MiSTer-devel_Arcade-Klax_MiSTer	not-ported			not-run	not-run	
_Arcade	Kyugo System		no	https://github.com/MiSTer-devel/Arcade-Kyugo_MiSTer.git		MiSTer-devel_Arcade-Kyugo_MiSTer	not-ported			not-run	not-run	
_Arcade	Lady Bug		no	https://github.com/MiSTer-devel/Arcade-LadyBug_MiSTer.git		MiSTer-devel_Arcade-LadyBug_MiSTer	not-ported			not-run	not-run	
_Arcade	Laserdisc Games		yes	https://github.com/MiSTer-devel/Arcade-LaserdiscGames_MiSTer.git		MiSTer-devel_Arcade-LaserdiscGames_MiSTer	not-ported			not-run	not-run	
_Arcade	Legionnaire		yes	https://github.com/MiSTer-devel/Arcade-Legionnaire_MiSTer.git		MiSTer-devel_Arcade-Legionnaire_MiSTer	not-ported			not-run	not-run	
_Arcade	Major Havoc		yes	https://github.com/MiSTer-devel/Arcade-MajorHavoc_MiSTer.git		MiSTer-devel_Arcade-MajorHavoc_MiSTer	not-ported			not-run	not-run	
_Arcade	Mario Bros		no	https://github.com/MiSTer-devel/Arcade-MarioBros_MiSTer.git		MiSTer-devel_Arcade-MarioBros_MiSTer	not-ported			not-run	not-run	
_Arcade	Bally Midway MCR-1		yes	https://github.com/MiSTer-devel/Arcade-MCR1_MiSTer.git		MiSTer-devel_Arcade-MCR1_MiSTer	not-ported			not-run	not-run	
_Arcade	Bally Midway MCR-2		yes	https://github.com/MiSTer-devel/Arcade-MCR2_MiSTer.git		MiSTer-devel_Arcade-MCR2_MiSTer	not-ported			not-run	not-run	
_Arcade	Bally Midway MCR-3		yes	https://github.com/MiSTer-devel/Arcade-MCR3_MiSTer.git		MiSTer-devel_Arcade-MCR3_MiSTer	not-ported			not-run	not-run	
_Arcade	Bally Midway MCR-Monoboard		yes	https://github.com/MiSTer-devel/Arcade-MCR3Mono_MiSTer.git		MiSTer-devel_Arcade-MCR3Mono_MiSTer	not-ported			not-run	not-run	
_Arcade	Bally Midway MCR-Scroll		yes	https://github.com/MiSTer-devel/Arcade-MCR3Scroll_MiSTer.git		MiSTer-devel_Arcade-MCR3Scroll_MiSTer	not-ported			not-run	not-run	
_Arcade	Missile Command		no	https://github.com/MiSTer-devel/Arcade-MissileCommand_MiSTer.git		MiSTer-devel_Arcade-MissileCommand_MiSTer	not-ported			not-run	not-run	
_Arcade	Moon Patrol		yes	https://github.com/MiSTer-devel/Arcade-MoonPatrol_MiSTer.git		MiSTer-devel_Arcade-MoonPatrol_MiSTer	not-ported			not-run	not-run	
_Arcade	Mr. Do!		no	https://github.com/MiSTer-devel/Arcade-MrDo_MiSTer.git		MiSTer-devel_Arcade-MrDo_MiSTer	not-ported			not-run	not-run	
_Arcade	Mr. Jong		no	https://github.com/MiSTer-devel/Arcade-MrJong_MiSTer.git		MiSTer-devel_Arcade-MrJong_MiSTer	not-ported			not-run	not-run	
_Arcade	Mystic Marathon		no	https://github.com/MiSTer-devel/Arcade-MysticMarathon_MiSTer.git		MiSTer-devel_Arcade-MysticMarathon_MiSTer	not-ported			not-run	not-run	
_Arcade	Naughty Boy		no	https://github.com/MiSTer-devel/Arcade-NaughtyBoy_MiSTer.git		MiSTer-devel_Arcade-NaughtyBoy_MiSTer	not-ported			not-run	not-run	
_Arcade	Night Slashers		yes	https://github.com/MiSTer-devel/Arcade-NightSlashers_MiSTer.git		MiSTer-devel_Arcade-NightSlashers_MiSTer	not-ported			not-run	not-run	
_Arcade	Ninja-Kun: Majō no Bōken		no	https://github.com/MiSTer-devel/Arcade-NinjaKun_MiSTer.git		MiSTer-devel_Arcade-NinjaKun_MiSTer	not-ported			not-run	not-run	
_Arcade	Pac-Man / Puck Man		no	https://github.com/MiSTer-devel/Arcade-Pacman_MiSTer.git		MiSTer-devel_Arcade-Pacman_MiSTer	not-ported			not-run	not-run	
_Arcade	Pengo		no	https://github.com/MiSTer-devel/Arcade-Pengo_MiSTer.git		MiSTer-devel_Arcade-Pengo_MiSTer	not-ported			not-run	not-run	
_Arcade	PenguinKunWars		no	https://github.com/MiSTer-devel/Arcade-PenguinKunWars_MiSTer.git		MiSTer-devel_Arcade-PenguinKunWars_MiSTer	not-ported			not-run	not-run	
_Arcade	Performan		no	https://github.com/MiSTer-devel/Arcade-Performan_MiSTer.git		MiSTer-devel_Arcade-Performan_MiSTer	not-ported			not-run	not-run	
_Arcade	Phoenix		no	https://github.com/MiSTer-devel/Arcade-Phoenix_MiSTer.git		MiSTer-devel_Arcade-Phoenix_MiSTer	not-ported			not-run	not-run	
_Arcade	Pleiads		no	https://github.com/MiSTer-devel/Arcade-Pleiads_MiSTer.git		MiSTer-devel_Arcade-Pleiads_MiSTer	not-ported			not-run	not-run	
_Arcade	PolyPlay		no	https://github.com/MiSTer-devel/Arcade-PolyPlay_MiSTer.git		MiSTer-devel_Arcade-PolyPlay_MiSTer	not-ported			not-run	not-run	
_Arcade	Pong		no	https://github.com/MiSTer-devel/Arcade-Pong_MiSTer.git		MiSTer-devel_Arcade-Pong_MiSTer	not-ported			not-run	not-run	
_Arcade	Pooyan		no	https://github.com/MiSTer-devel/Arcade-Pooyan_MiSTer.git		MiSTer-devel_Arcade-Pooyan_MiSTer	not-ported			not-run	not-run	
_Arcade	Popeye		no	https://github.com/MiSTer-devel/Arcade-Popeye_MiSTer.git		MiSTer-devel_Arcade-Popeye_MiSTer	not-ported			not-run	not-run	
_Arcade	PsikyoSH2		yes	https://github.com/MiSTer-devel/Arcade-PsikyoSH2_MiSTer.git		MiSTer-devel_Arcade-PsikyoSH2_MiSTer	not-ported			not-run	not-run	
_Arcade	Psychic 5		no	https://github.com/MiSTer-devel/Arcade-Psychic5_MiSTer.git		MiSTer-devel_Arcade-Psychic5_MiSTer	not-ported			not-run	not-run	
_Arcade	QBert		no	https://github.com/MiSTer-devel/Arcade-QBert_MiSTer.git		MiSTer-devel_Arcade-QBert_MiSTer	not-ported			not-run	not-run	
_Arcade	Qix		no	https://github.com/MiSTer-devel/Arcade-Qix_MiSTer.git		MiSTer-devel_Arcade-Qix_MiSTer	not-ported			not-run	not-run	
_Arcade	Raiden		yes	https://github.com/MiSTer-devel/Arcade-Raiden_MiSTer.git		MiSTer-devel_Arcade-Raiden_MiSTer	not-ported			not-run	not-run	
_Arcade	Rally-X		no	https://github.com/MiSTer-devel/Arcade-RallyX_MiSTer.git		MiSTer-devel_Arcade-RallyX_MiSTer	not-ported			not-run	not-run	
_Arcade	River Patrol		no	https://github.com/MiSTer-devel/Arcade-RiverPatrol_MiSTer.git		MiSTer-devel_Arcade-RiverPatrol_MiSTer	not-ported			not-run	not-run	
_Arcade	Robotron 2084		no	https://github.com/MiSTer-devel/Arcade-Robotron_MiSTer.git		MiSTer-devel_Arcade-Robotron_MiSTer	not-ported			not-run	not-run	
_Arcade	Rush'n Attack / Green Beret		no	https://github.com/MiSTer-devel/Arcade-RushnAttack_MiSTer.git		MiSTer-devel_Arcade-RushnAttack_MiSTer	not-ported			not-run	not-run	
_Arcade	Salamander		no	https://github.com/MiSTer-devel/Arcade-Salamander_MiSTer.git		MiSTer-devel_Arcade-Salamander_MiSTer	not-ported			not-run	not-run	
_Arcade	Scooter Shooter		no	https://github.com/MiSTer-devel/Arcade-ScooterShooter_MiSTer.git		MiSTer-devel_Arcade-ScooterShooter_MiSTer	not-ported			not-run	not-run	
_Arcade	Scramble		yes	https://github.com/MiSTer-devel/Arcade-Scramble_MiSTer.git		MiSTer-devel_Arcade-Scramble_MiSTer	not-ported			not-run	not-run	
_Arcade	SD Gundam Sangokushi Rainbow Tairiku Senki		yes	https://github.com/MiSTer-devel/Arcade-SDGundamRainbow_MiSTer.git		MiSTer-devel_Arcade-SDGundamRainbow_MiSTer	not-ported			not-run	not-run	
_Arcade	Sega G80V		yes	https://github.com/MiSTer-devel/Arcade-SegaG80V_MiSTer.git		MiSTer-devel_Arcade-SegaG80V_MiSTer	not-ported			not-run	not-run	
_Arcade	Sega System 1		no	https://github.com/MiSTer-devel/Arcade-SEGASYS1_MiSTer.git		MiSTer-devel_Arcade-SEGASYS1_MiSTer	not-ported			not-run	not-run	
_Arcade	Sega/Gremlin VIC Z80 Arcade hardware		yes	https://github.com/MiSTer-devel/Arcade-SegaVICZ80_MiSTer.git		MiSTer-devel_Arcade-SegaVICZ80_MiSTer	not-ported			not-run	not-run	
_Arcade	Silver Land		no	https://github.com/MiSTer-devel/Arcade-SilverLand_MiSTer.git		MiSTer-devel_Arcade-SilverLand_MiSTer	not-ported			not-run	not-run	
_Arcade	Slap Fight / ALCON		no	https://github.com/MiSTer-devel/Arcade-SlapFight_MiSTer.git		MiSTer-devel_Arcade-SlapFight_MiSTer	not-ported			not-run	not-run	
_Arcade	SNK 6502 Arcade hardware		no	https://github.com/MiSTer-devel/Arcade-SNK6502_MiSTer.git		MiSTer-devel_Arcade-SNK6502_MiSTer	not-ported			not-run	not-run	
_Arcade	SNK Triple Z80 Arcade hardware		no	https://github.com/MiSTer-devel/Arcade-SNK_TripleZ80_MiSTer.git		MiSTer-devel_Arcade-SNK_TripleZ80_MiSTer	not-ported			not-run	not-run	
_Arcade	Solomon's Key / Solomon no Kagi		no	https://github.com/MiSTer-devel/Arcade-SolomonsKey_MiSTer.git		MiSTer-devel_Arcade-SolomonsKey_MiSTer	not-ported			not-run	not-run	
_Arcade	Sonson		yes	https://github.com/MiSTer-devel/Arcade-Sonson_MiSTer.git		MiSTer-devel_Arcade-Sonson_MiSTer	not-ported			not-run	not-run	
_Arcade	Space Firebird		yes	https://github.com/MiSTer-devel/Arcade-SpaceFirebird_MiSTer.git		MiSTer-devel_Arcade-SpaceFirebird_MiSTer	not-ported			not-run	not-run	
_Arcade	Space Invaders		yes	https://github.com/MiSTer-devel/Arcade-SpaceInvaders_MiSTer.git		MiSTer-devel_Arcade-SpaceInvaders_MiSTer	not-ported			not-run	not-run	
_Arcade	Space Race		no	https://github.com/MiSTer-devel/Arcade-SpaceRace_MiSTer.git		MiSTer-devel_Arcade-SpaceRace_MiSTer	not-ported			not-run	not-run	
_Arcade	Sprint 1		no	https://github.com/MiSTer-devel/Arcade-Sprint1_MiSTer.git		MiSTer-devel_Arcade-Sprint1_MiSTer	not-ported			not-run	not-run	
_Arcade	Sprint 2		no	https://github.com/MiSTer-devel/Arcade-Sprint2_MiSTer.git		MiSTer-devel_Arcade-Sprint2_MiSTer	not-ported			not-run	not-run	
_Arcade	StarForce		no	https://github.com/MiSTer-devel/Arcade-StarForce_MiSTer.git		MiSTer-devel_Arcade-StarForce_MiSTer	not-ported			not-run	not-run	
_Arcade	Star Wars		yes	https://github.com/MiSTer-devel/Arcade-StarWars_MiSTer.git		MiSTer-devel_Arcade-StarWars_MiSTer	not-ported			not-run	not-run	
_Arcade	Subs		yes	https://github.com/MiSTer-devel/Arcade-Subs_MiSTer.git		MiSTer-devel_Arcade-Subs_MiSTer	not-ported			not-run	not-run	
_Arcade	Super Breakout		no	https://github.com/MiSTer-devel/Arcade-SuperBreakout_MiSTer.git		MiSTer-devel_Arcade-SuperBreakout_MiSTer	not-ported			not-run	not-run	
_Arcade	Super Locomotive		no	https://github.com/MiSTer-devel/Arcade-SuprLoco_MiSTer.git		MiSTer-devel_Arcade-SuprLoco_MiSTer	not-ported			not-run	not-run	
_Arcade	Taito F2		yes	https://github.com/MiSTer-devel/Arcade-TaitoF2_MiSTer.git		MiSTer-devel_Arcade-TaitoF2_MiSTer	not-ported			not-run	not-run	
_Arcade	Taito System SJ		no	https://github.com/MiSTer-devel/Arcade-TaitoSystemSJ_MiSTer.git		MiSTer-devel_Arcade-TaitoSystemSJ_MiSTer	not-ported			not-run	not-run	
_Arcade	Tank Battalion		no	https://github.com/MiSTer-devel/Arcade-TankBattalion_MiSTer.git		MiSTer-devel_Arcade-TankBattalion_MiSTer	not-ported			not-run	not-run	
_Arcade	Tecmo		yes	https://github.com/MiSTer-devel/Arcade-Tecmo_MiSTer.git		MiSTer-devel_Arcade-Tecmo_MiSTer	not-ported			not-run	not-run	
_Arcade	Tempest		yes	https://github.com/MiSTer-devel/Arcade-Tempest_MiSTer.git		MiSTer-devel_Arcade-Tempest_MiSTer	not-ported			not-run	not-run	
_Arcade	TIA-MC1		no	https://github.com/MiSTer-devel/Arcade-TIAMC1_MiSTer.git		MiSTer-devel_Arcade-TIAMC1_MiSTer	not-ported			not-run	not-run	
_Arcade	Time Pilot '84		no	https://github.com/MiSTer-devel/Arcade-TimePilot84_MISTer.git		MiSTer-devel_Arcade-TimePilot84_MISTer	not-ported			not-run	not-run	
_Arcade	Time Pilot		no	https://github.com/MiSTer-devel/Arcade-TimePilot_MiSTer.git		MiSTer-devel_Arcade-TimePilot_MiSTer	not-ported			not-run	not-run	
_Arcade	T.N.K. III		no	https://github.com/MiSTer-devel/Arcade-TNKIII_MiSTer.git		MiSTer-devel_Arcade-TNKIII_MiSTer	not-ported			not-run	not-run	
_Arcade	Toobin'		yes	https://github.com/MiSTer-devel/Arcade-Toobin_MiSTer.git		MiSTer-devel_Arcade-Toobin_MiSTer	not-ported			not-run	not-run	
_Arcade	Traverse USA		no	https://github.com/MiSTer-devel/Arcade-TraverseUSA_MiSTer.git		MiSTer-devel_Arcade-TraverseUSA_MiSTer	not-ported			not-run	not-run	
_Arcade	Trio The Punch — Never Forget Me…		yes	https://github.com/MiSTer-devel/Arcade-TrioThePunch_MiSTer.git		MiSTer-devel_Arcade-TrioThePunch_MiSTer	not-ported			not-run	not-run	
_Arcade	Tropical Angel / New Tropical Angel		yes	https://github.com/MiSTer-devel/Arcade-TropicalAngel_MiSTer.git		MiSTer-devel_Arcade-TropicalAngel_MiSTer	not-ported			not-run	not-run	
_Arcade	Turkey Shoot - The Day They Took Over		no	https://github.com/MiSTer-devel/Arcade-TurkeyShoot_MiSTer.git		MiSTer-devel_Arcade-TurkeyShoot_MiSTer	not-ported			not-run	not-run	
_Arcade	Tutankham		no	https://github.com/MiSTer-devel/Arcade-Tutankham_MiSTer.git		MiSTer-devel_Arcade-Tutankham_MiSTer	not-ported			not-run	not-run	
_Arcade	Ultra Tank		no	https://github.com/MiSTer-devel/Arcade-Ultratank_MiSTer.git		MiSTer-devel_Arcade-Ultratank_MiSTer	not-ported			not-run	not-run	
_Arcade	Vastar		no	https://github.com/MiSTer-devel/Arcade-Vastar_MiSTer.git		MiSTer-devel_Arcade-Vastar_MiSTer	not-ported			not-run	not-run	
_Arcade	VBall		yes	https://github.com/MiSTer-devel/Arcade-VBall_MiSTer.git		MiSTer-devel_Arcade-VBall_MiSTer	not-ported			not-run	not-run	
_Arcade	Xevious		no	https://github.com/MiSTer-devel/Arcade-Xevious_MiSTer.git		MiSTer-devel_Arcade-Xevious_MiSTer	not-ported			not-run	not-run	
_Arcade	Xaind Sleena		yes	https://github.com/MiSTer-devel/Arcade-XSleena_MiSTer.git		MiSTer-devel_Arcade-XSleena_MiSTer	not-ported			not-run	not-run	
_Arcade	Zaxxon		yes	https://github.com/MiSTer-devel/Arcade-Zaxxon_MiSTer.git		MiSTer-devel_Arcade-Zaxxon_MiSTer	not-ported			not-run	not-run	
_Arcade	Zig Zag		no	https://github.com/MiSTer-devel/Arcade-ZigZag_MiSTer.git		MiSTer-devel_Arcade-ZigZag_MiSTer	not-ported			not-run	not-run	
_Arcade	Sky Smasher		yes	https://github.com/MiSTer-devel/Arcade_SkySmasher_MiSTer.git		MiSTer-devel_Arcade_SkySmasher_MiSTer	not-ported			not-run	not-run	
_Arcade	Aleck64		yes	https://github.com/MiSTer-devel/N64_MiSTer.git	Aleck64	MiSTer-devel_N64_MiSTer	not-ported			not-run	not-run	
_Arcade	Sega ST-V		yes	https://github.com/MiSTer-devel/Saturn_MiSTer.git		MiSTer-devel_Saturn_MiSTer	not-ported			not-run	not-run	
_Arcade	Sega System E		yes	https://github.com/MiSTer-devel/SMS_MiSTer.git		MiSTer-devel_SMS_MiSTer	not-ported			not-run	not-run	
_Computer	Acorn Atom	AcornAtom	no	https://github.com/MiSTer-devel/AcornAtom_MiSTer.git		MiSTer-devel_AcornAtom_MiSTer	not-ported			not-run	not-run	
_Computer	Acorn Electron	AcornElectron	yes	https://github.com/MiSTer-devel/AcornElectron_MiSTer.git		MiSTer-devel_AcornElectron_MiSTer	not-ported			not-run	not-run	
_Computer	Alice MC10	AliceMC10	yes	https://github.com/MiSTer-devel/AliceMC10_MiSTer.git		MiSTer-devel_AliceMC10_MiSTer	not-ported			not-run	not-run	
_Computer	Altair 8800	Altair8800	no	https://github.com/MiSTer-devel/Altair8800_Mister.git		MiSTer-devel_Altair8800_Mister	not-ported			not-run	not-run	
_Computer	Amstrad PCW	Amstrad PCW	yes	https://github.com/MiSTer-devel/Amstrad-PCW_MiSTer.git		MiSTer-devel_Amstrad-PCW_MiSTer	not-ported			not-run	not-run	
_Computer	Amstrad CPC 6128	Amstrad	yes	https://github.com/MiSTer-devel/Amstrad_MiSTer.git		MiSTer-devel_Amstrad_MiSTer	not-ported			not-run	not-run	
_Computer	ao486 (PC 486)	AO486	no	https://github.com/MiSTer-devel/ao486_MiSTer.git		MiSTer-devel_ao486_MiSTer	built	scripts/build-ao486-v2.sh	artifacts/ao486-v2/AO486_v2.rbf	pass	pending	
_Computer	Apogee	APOGEE	no	https://github.com/MiSTer-devel/Apogee_MiSTer.git		MiSTer-devel_Apogee_MiSTer	not-ported			not-run	not-run	
_Computer	Apple I	APPLE-I	no	https://github.com/MiSTer-devel/Apple-I_MiSTer.git		MiSTer-devel_Apple-I_MiSTer	packaged	scripts/build-apple1.sh	artifacts/apple1/Apple-I_20260814_FDCD.rbf	pass	pending	
_Computer	Apple II+/IIe	Apple-II	no	https://github.com/MiSTer-devel/Apple-II_MiSTer.git		MiSTer-devel_Apple-II_MiSTer	not-ported			not-run	not-run	
_Computer	Apple IIgs	Apple-IIgs	yes	https://github.com/MiSTer-devel/Apple-IIgs_MiSTer.git		MiSTer-devel_Apple-IIgs_MiSTer	not-ported			not-run	not-run	
_Computer	Apple Lisa	Apple-Lisa	yes	https://github.com/MiSTer-devel/Apple-Lisa_MiSTer.git		MiSTer-devel_Apple-Lisa_MiSTer	not-ported			not-run	not-run	
_Computer	Mattel Aquarius	AQUARIUS	no	https://github.com/MiSTer-devel/Aquarius_MISTer.git		MiSTer-devel_Aquarius_MISTer	not-ported			not-run	not-run	
_Computer	Acorn Archimedes	ARCHIE	yes	https://github.com/MiSTer-devel/Archie_MiSTer.git		MiSTer-devel_Archie_MiSTer	not-ported			not-run	not-run	
_Computer	Atari 800XL	ATARI800	yes	https://github.com/MiSTer-devel/Atari800_MiSTer.git		MiSTer-devel_Atari800_MiSTer	not-ported			not-run	not-run	
_Computer	Atari ST/STe	AtariST	yes	https://github.com/MiSTer-devel/AtariST_MiSTer.git		MiSTer-devel_AtariST_MiSTer	not-ported			not-run	not-run	
_Computer	BBC Micro B, Master	BBCMicro	no	https://github.com/MiSTer-devel/BBCMicro_MiSTer.git		MiSTer-devel_BBCMicro_MiSTer	not-ported			not-run	not-run	
_Computer	Electronika BK0011M	BK0011M	yes	https://github.com/MiSTer-devel/BK0011M_MiSTer.git		MiSTer-devel_BK0011M_MiSTer	not-ported			not-run	not-run	
_Computer	Commodore 128	C128	yes	https://github.com/MiSTer-devel/C128_MiSTer.git		MiSTer-devel_C128_MiSTer	not-ported			not-run	not-run	
_Computer	Commodore 16, Plus/4	C16	no	https://github.com/MiSTer-devel/C16_MiSTer.git		MiSTer-devel_C16_MiSTer	not-ported			not-run	not-run	
_Computer	Commodore 64, Ultimax	C64	yes	https://github.com/MiSTer-devel/C64_MiSTer.git		MiSTer-devel_C64_MiSTer	not-ported			not-run	not-run	
_Computer	Casio PV-2000	Casio_PV-2000	no	https://github.com/MiSTer-devel/Casio_PV-2000_MiSTer.git		MiSTer-devel_Casio_PV-2000_MiSTer	not-ported			not-run	not-run	
_Computer	Color Computer 2, Dragon 32	CoCo2	yes	https://github.com/MiSTer-devel/CoCo2_MiSTer.git		MiSTer-devel_CoCo2_MiSTer	not-ported			not-run	not-run	
_Computer	Color Computer 3	COCO3	yes	https://github.com/MiSTer-devel/CoCo3_MiSTer.git		MiSTer-devel_CoCo3_MiSTer	not-ported			not-run	not-run	
_Computer	Coleco Adam	Adam	yes	https://github.com/MiSTer-devel/ColecoAdam_MiSTer.git		MiSTer-devel_ColecoAdam_MiSTer	not-ported			not-run	not-run	
_Computer	EDSAC	EDSAC	no	https://github.com/MiSTer-devel/EDSAC_MiSTer.git		MiSTer-devel_EDSAC_MiSTer	not-ported			not-run	not-run	
_Computer	Colour Genie EG2000	eg2000	no	https://github.com/MiSTer-devel/EG2000_MiSTer.git		MiSTer-devel_EG2000_MiSTer	not-ported			not-run	not-run	
_Computer	Elan Enterprise	Enterprise	yes	https://github.com/MiSTer-devel/Enterprise_MiSTer.git		MiSTer-devel_Enterprise_MiSTer	not-ported			not-run	not-run	
_Computer	Galaksija	Galaksija	no	https://github.com/MiSTer-devel/Galaksija_MiSTer.git		MiSTer-devel_Galaksija_MiSTer	not-ported			not-run	not-run	
_Computer	Homelab KIT	Homelab	no	https://github.com/MiSTer-devel/Homelab-MiSTer.git		MiSTer-devel_Homelab-MiSTer	not-ported			not-run	not-run	
_Computer	Interact Home Computer	Interact	no	https://github.com/MiSTer-devel/Interact_MiSTer.git		MiSTer-devel_Interact_MiSTer	not-ported			not-run	not-run	
_Computer	IQ 151	IQ151	no	https://github.com/MiSTer-devel/IQ151_MiSTer.git		MiSTer-devel_IQ151_MiSTer	not-ported			not-run	not-run	
_Computer	Jupiter Ace	Jupiter	no	https://github.com/MiSTer-devel/Jupiter_MiSTer.git		MiSTer-devel_Jupiter_MiSTer	not-ported			not-run	not-run	
_Computer	VTech Laser 310	Laser	no	https://github.com/MiSTer-devel/Laser310_MiSTer.git		MiSTer-devel_Laser310_MiSTer	not-ported			not-run	not-run	
_Computer	Camputers Lynx 48k, 96k	Lynx48	no	https://github.com/MiSTer-devel/Lynx48_MiSTer.git		MiSTer-devel_Lynx48_MiSTer	not-ported			not-run	not-run	
_Computer	Apple Macintosh LC	MacLC	yes	https://github.com/MiSTer-devel/MacLC_MiSTer.git		MiSTer-devel_MacLC_MiSTer	not-ported			not-run	not-run	
_Computer	Apple Macintosh Plus	MACPLUS	yes	https://github.com/MiSTer-devel/MacPlus_MiSTer.git		MiSTer-devel_MacPlus_MiSTer	not-ported			not-run	not-run	
_Computer	Commodore Amiga	Amiga	yes	https://github.com/MiSTer-devel/Minimig-AGA_MiSTer.git		MiSTer-devel_Minimig-AGA_MiSTer	packaged	scripts/build-minimig.sh	artifacts/minimig/Minimig_20260814_FDCD.rbf	pass	pending	
_Computer	MSX1	MSX1	no	https://github.com/MiSTer-devel/MSX1_MiSTer.git		MiSTer-devel_MSX1_MiSTer	not-ported			not-run	not-run	
_Computer	MSX	MSX	yes	https://github.com/MiSTer-devel/MSX_MiSTer.git		MiSTer-devel_MSX_MiSTer	not-ported			not-run	not-run	
_Computer	MultiComp	MultiComp	no	https://github.com/MiSTer-devel/MultiComp_MiSTer.git		MiSTer-devel_MultiComp_MiSTer	not-ported			not-run	not-run	
_Computer	Ondra SPO 186	Ondra_SPO186	no	https://github.com/MiSTer-devel/OndraSPO186_MiSTer.git		MiSTer-devel_OndraSPO186_MiSTer	not-ported			not-run	not-run	
_Computer	Orao	ORAO	no	https://github.com/MiSTer-devel/Orao_MiSTer.git		MiSTer-devel_Orao_MiSTer	not-ported			not-run	not-run	
_Computer	Oric-1, Oric Atmos	Oric	no	https://github.com/MiSTer-devel/Oric_MiSTer.git		MiSTer-devel_Oric_MiSTer	not-ported			not-run	not-run	
_Computer	NEC PC-8801	PC8801	yes	https://github.com/MiSTer-devel/PC88_MiSTer.git		MiSTer-devel_PC88_MiSTer	not-ported			not-run	not-run	
_Computer	PCjr	PCjr	yes	https://github.com/MiSTer-devel/PCjr_MiSTer.git		MiSTer-devel_PCjr_MiSTer	not-ported			not-run	not-run	
_Computer	IBM PC/XT EGA	PCXT-EGA	yes	https://github.com/MiSTer-devel/PCXT-EGA_MiSTer.git		MiSTer-devel_PCXT-EGA_MiSTer	not-ported			not-run	not-run	
_Computer	IBM PC/XT	PCXT	yes	https://github.com/MiSTer-devel/PCXT_MiSTer.git		MiSTer-devel_PCXT_MiSTer	built	scripts/build-pcxt-v2.sh	artifacts/pcxt-v2/PCXT_v2.rbf	pass	pending	
_Computer	DEC PDP-1	PDP1	no	https://github.com/MiSTer-devel/PDP1_MiSTer.git		MiSTer-devel_PDP1_MiSTer	not-ported			not-run	not-run	
_Computer	Commodore PET	PET2001	no	https://github.com/MiSTer-devel/PET2001_MiSTer.git		MiSTer-devel_PET2001_MiSTer	not-ported			not-run	not-run	
_Computer	PMD 85	PMD85	yes	https://github.com/MiSTer-devel/PMD85_MiSTer.git		MiSTer-devel_PMD85_MiSTer	not-ported			not-run	not-run	
_Computer	Sinclair QL	QL	yes	https://github.com/MiSTer-devel/QL_MiSTer.git		MiSTer-devel_QL_MiSTer	not-ported			not-run	not-run	
_Computer	Bandai RX-78	RX78	no	https://github.com/MiSTer-devel/RX-78_MiSTer.git		MiSTer-devel_RX-78_MiSTer	not-ported			not-run	not-run	
_Computer	SAM Coupé	SAMCOUPE	yes	https://github.com/MiSTer-devel/SAM-Coupe_MiSTer.git		MiSTer-devel_SAM-Coupe_MiSTer	not-ported			not-run	not-run	
_Computer	Sharp MZ	SharpMZ	no	https://github.com/MiSTer-devel/SharpMZ_MiSTer.git		MiSTer-devel_SharpMZ_MiSTer	not-ported			not-run	not-run	
_Computer	Sord M5	Sord M5	no	https://github.com/MiSTer-devel/SordM5_MiSTer.git		MiSTer-devel_SordM5_MiSTer	not-ported			not-run	not-run	
_Computer	Specialist/MX	SPMX	no	https://github.com/MiSTer-devel/Specialist_MiSTer.git		MiSTer-devel_Specialist_MiSTer	not-ported			not-run	not-run	
_Computer	Spectravideo SV-328	SVI328	yes	https://github.com/MiSTer-devel/SVI328_MiSTer.git		MiSTer-devel_SVI328_MiSTer	not-ported			not-run	not-run	
_Computer	Tandy 1000	Tandy1000	yes	https://github.com/MiSTer-devel/Tandy1000_MiSTer.git		MiSTer-devel_Tandy1000_MiSTer	not-ported			not-run	not-run	
_Computer	Tatung Einstein TC-01	TatungEinstein	no	https://github.com/MiSTer-devel/TatungEinstein_MiSTer.git		MiSTer-devel_TatungEinstein_MiSTer	not-ported			not-run	not-run	
_Computer	TI-99/4A	TI-99_4A	yes	https://github.com/MiSTer-devel/TI-99_4A_MiSTer.git		MiSTer-devel_TI-99_4A_MiSTer	not-ported			not-run	not-run	
_Computer	TK2000	TK2000	no	https://github.com/MiSTer-devel/TK2000_MiSTer.git		MiSTer-devel_TK2000_MiSTer	not-ported			not-run	not-run	
_Computer	Tomy Tutor	TomyTutor	no	https://github.com/MiSTer-devel/TomyTutor_MiSTer.git		MiSTer-devel_TomyTutor_MiSTer	not-ported			not-run	not-run	
_Computer	TRS-80 Model 1	TRS-80	no	https://github.com/MiSTer-devel/TRS-80_MiSTer.git		MiSTer-devel_TRS-80_MiSTer	not-ported			not-run	not-run	
_Computer	TSConf	TSConf	yes	https://github.com/MiSTer-devel/TSConf_MiSTer.git		MiSTer-devel_TSConf_MiSTer	not-ported			not-run	not-run	
_Computer	Compukit UK101	UK101	no	https://github.com/MiSTer-devel/UK101_MiSTer.git		MiSTer-devel_UK101_MiSTer	not-ported			not-run	not-run	
_Computer	Vector-06C	VECTOR06	no	https://github.com/MiSTer-devel/Vector-06C_MiSTer.git		MiSTer-devel_Vector-06C_MiSTer	not-ported			not-run	not-run	
_Computer	Commodore VIC-20	VIC20	no	https://github.com/MiSTer-devel/VIC20_MiSTer.git		MiSTer-devel_VIC20_MiSTer	not-ported			not-run	not-run	
_Computer	VT52	VT52	no	https://github.com/MiSTer-devel/VT52_MiSTer.git		MiSTer-devel_VT52_MiSTer	not-ported			not-run	not-run	
_Computer	Sharp X68000	X68000	yes	https://github.com/MiSTer-devel/X68000_MiSTer.git		MiSTer-devel_X68000_MiSTer	not-ported			not-run	not-run	
_Computer	ZX Spectrum	Spectrum	yes	https://github.com/MiSTer-devel/ZX-Spectrum_MISTer.git		MiSTer-devel_ZX-Spectrum_MISTer	not-ported			not-run	not-run	
_Computer	ZX81	ZX81	no	https://github.com/MiSTer-devel/ZX81_MiSTer.git		MiSTer-devel_ZX81_MiSTer	not-ported			not-run	not-run	
_Computer	ZX Spectrum Next	ZXNext	yes	https://github.com/MiSTer-devel/ZXNext_MISTer.git		MiSTer-devel_ZXNext_MISTer	not-ported			not-run	not-run	
_Console	3DO	3DO	yes	https://github.com/MiSTer-devel/3DO_MiSTer.git		MiSTer-devel_3DO_MiSTer	not-ported			not-run	not-run	
_Console	Adventure Vision	AVision	no	https://github.com/MiSTer-devel/AdventureVision_MiSTer.git		MiSTer-devel_AdventureVision_MiSTer	not-ported			not-run	not-run	
_Console	Emerson Arcadia 2001	Arcadia	no	https://github.com/MiSTer-devel/Arcadia_MiSTer.git		MiSTer-devel_Arcadia_MiSTer	not-ported			not-run	not-run	
_Console	Bally Astrocade	Astrocade	no	https://github.com/MiSTer-devel/Astrocade_MiSTer.git		MiSTer-devel_Astrocade_MiSTer	not-ported			not-run	not-run	
_Console	Atari 7800, 2600	ATARI7800	yes	https://github.com/MiSTer-devel/Atari7800_MiSTer.git		MiSTer-devel_Atari7800_MiSTer	built	scripts/build-atari7800-v2.sh	artifacts/atari7800-v2/Atari7800_v2.rbf	pass	load-pass	Combined 7800/2600 persona; Agilex 5 fit 58% ALMs; DQ setup/hold +2.849/+8.668 ns; zero unconstrained endpoints; guarded board load passed, content test pending
_Console	Atari 5200	ATARI5200	yes	https://github.com/MiSTer-devel/Atari800_MiSTer.git		MiSTer-devel_Atari800_MiSTer	not-ported			not-run	not-run	Ignore-Extra-Releases-Files
_Console	Atari Lynx	AtariLynx	yes	https://github.com/MiSTer-devel/AtariLynx_MiSTer.git		MiSTer-devel_AtariLynx_MiSTer	not-ported			not-run	not-run	
_Console	Atari Lynx 2P	AtariLynx	yes	https://github.com/MiSTer-devel/AtariLynx_MiSTer.git	Lynx2P	MiSTer-devel_AtariLynx_MiSTer	not-ported			not-run	not-run	
_Console	AY-3-8500 (Pong-on-a-chip)	AY-3-8500	no	https://github.com/MiSTer-devel/AY-3-8500-MiSTer.git		MiSTer-devel_AY-3-8500-MiSTer	built	scripts/build-ay38500-v2.sh	artifacts/ay38500-v2/AY-3-8500_v2.rbf	pass	pending	
_Console	BBC Bridge Companion	BBCBridgeCompanion	no	https://github.com/MiSTer-devel/BBCBridgeCompanion_MiSTer.git		MiSTer-devel_BBCBridgeCompanion_MiSTer	not-ported			not-run	not-run	
_Console	Casio PV-1000	Casio_PV-1000	no	https://github.com/MiSTer-devel/Casio_PV-1000_MiSTer.git		MiSTer-devel_Casio_PV-1000_MiSTer	not-ported			not-run	not-run	
_Console	Philips CD-i	CD-i	yes	https://github.com/MiSTer-devel/CDi_MiSTer.git		MiSTer-devel_CDi_MiSTer	not-ported			not-run	not-run	
_Console	Fairchild Channel F	ChannelF	no	https://github.com/MiSTer-devel/ChannelF_MiSTer.git		MiSTer-devel_ChannelF_MiSTer	not-ported			not-run	not-run	
_Console	ColecoVision, SG-1000	Coleco	yes	https://github.com/MiSTer-devel/ColecoVision_MiSTer.git		MiSTer-devel_ColecoVision_MiSTer	not-ported			not-run	not-run	
_Console	VTech CreatiVision	CreatiVision	no	https://github.com/MiSTer-devel/CreatiVision_MiSTer.git		MiSTer-devel_CreatiVision_MiSTer	not-ported			not-run	not-run	
_Console	Gamate	Gamate	yes	https://github.com/MiSTer-devel/Gamate_MiSTer.git		MiSTer-devel_Gamate_MiSTer	not-ported			not-run	not-run	
_Console	Game And Watch	Game And Watch	yes	https://github.com/MiSTer-devel/GameAndWatch_MiSTer.git		MiSTer-devel_GameAndWatch_MiSTer	not-ported			not-run	not-run	
_Console	Game Boy, Game Boy Color	GAMEBOY	yes	https://github.com/MiSTer-devel/Gameboy_MiSTer.git		MiSTer-devel_Gameboy_MiSTer	not-ported			not-run	not-run	
_Console	Game Boy, Game Boy Color 2P	GAMEBOY2P	yes	https://github.com/MiSTer-devel/Gameboy_MiSTer.git	Gameboy2P	MiSTer-devel_Gameboy_MiSTer	not-ported			not-run	not-run	
_Console	Game Boy Advance	GBA	no	https://github.com/MiSTer-devel/GBA_MiSTer.git		MiSTer-devel_GBA_MiSTer	not-ported			not-run	not-run	
_Console	Game Boy Advance 2P	GBA2P	yes	https://github.com/MiSTer-devel/GBA_MiSTer.git	GBA2P	MiSTer-devel_GBA_MiSTer	not-ported			not-run	not-run	
_Console	Game & Watch	GameNWatch	yes	https://github.com/MiSTer-devel/GnW_MiSTer.git		MiSTer-devel_GnW_MiSTer	not-ported			not-run	not-run	
_Console	Intellivision	Intellivision	no	https://github.com/MiSTer-devel/Intv_MiSTer.git		MiSTer-devel_Intv_MiSTer	not-ported			not-run	not-run	
_Console	Atari Jaguar	Jaguar	yes	https://github.com/MiSTer-devel/Jaguar_MiSTer.git		MiSTer-devel_Jaguar_MiSTer	built	scripts/build-jaguar-v2.sh	artifacts/jaguar-v2/Jaguar_v2.rbf	pass	load-pass	53.125 MHz core and 106.25 MHz SDRAM; DQ setup +1.664 ns; zero unconstrained endpoints; guarded board load passed, BIOS/content test pending
_Console	Sega CD/Mega-CD	MegaCD	yes	https://github.com/MiSTer-devel/MegaCD_MiSTer.git		MiSTer-devel_MegaCD_MiSTer	not-ported			not-run	not-run	
_Console	Sega Mega Drive/Genesis	MegaDrive	yes	https://github.com/MiSTer-devel/MegaDrive_MiSTer.git		MiSTer-devel_MegaDrive_MiSTer	not-ported			not-run	not-run	
_Console	Nichibutsu My Vision	MyVision	no	https://github.com/MiSTer-devel/MyVision_MiSTer.git		MiSTer-devel_MyVision_MiSTer	not-ported			not-run	not-run	
_Console	Nintendo 64	N64	yes	https://github.com/MiSTer-devel/N64_MiSTer.git		MiSTer-devel_N64_MiSTer	built	scripts/build-n64-v2.sh	artifacts/n64-v2/N64_v2_ntsc_bringup.rbf	pass	pending	Fixed-NTSC bring-up; Agilex RAM adapters complete; 93% ALMs; global setup +0.859 ns; zero unconstrained endpoints; hardware validation pending
_Console	Neo Geo MVS/AES	NEOGEO	yes	https://github.com/MiSTer-devel/NeoGeo_MiSTer.git		MiSTer-devel_NeoGeo_MiSTer	not-ported			not-run	not-run	
_Console	Nintendo Entertainment System (NES)	NES	yes	https://github.com/MiSTer-devel/NES_MiSTer.git		MiSTer-devel_NES_MiSTer	packaged	scripts/build-nes-v2.sh	artifacts/nes-v2/NES_v2.rbf	pass	pending	
_Console	Neo Geo Pocket Color	NGPC	yes	https://github.com/MiSTer-devel/NGPC_MiSTer.git		MiSTer-devel_NGPC_MiSTer	not-ported			not-run	not-run	
_Console	Magnavox Odyssey²	ODYSSEY2	no	https://github.com/MiSTer-devel/Odyssey2_MiSTer.git		MiSTer-devel_Odyssey2_MiSTer	not-ported			not-run	not-run	
_Console	Pokémon Mini	PokemonMini	yes	https://github.com/MiSTer-devel/PokemonMini_MiSTer.git		MiSTer-devel_PokemonMini_MiSTer	not-ported			not-run	not-run	
_Console	PlayStation (PSX)	PSX	yes	https://github.com/MiSTer-devel/PSX_MiSTer.git		MiSTer-devel_PSX_MiSTer	built	scripts/build-psx-v2.sh	artifacts/psx-v2/PSX_v2_ntsc_bringup.rbf	pass	load-pass	Agilex SDRAM capture pipeline; global setup +0.477 ns; zero unconstrained endpoints; guarded board load passed, BIOS/content test pending
_Console	Sega 32X	S32X	yes	https://github.com/MiSTer-devel/S32X_MiSTer.git		MiSTer-devel_S32X_MiSTer	not-ported			not-run	not-run	
_Console	Sega Saturn	Saturn	yes	https://github.com/MiSTer-devel/Saturn_MiSTer.git		MiSTer-devel_Saturn_MiSTer	built	scripts/build-saturn-v2.sh	artifacts/saturn-v2/Saturn_v2_ntsc_light_bringup.rbf	pass	pending	Quartus 25 clean build; LIGHT_SATURN maps VDP2 and SCSP to native SDRAM, with remaining memory on HPS LPDDR4; hardware validation pending
_Console	Super Game Boy	SGB	yes	https://github.com/MiSTer-devel/SGB_MiSTer.git		MiSTer-devel_SGB_MiSTer	not-ported			not-run	not-run	
_Console	Sega Master System, Game Gear	SMS	yes	https://github.com/MiSTer-devel/SMS_MiSTer.git		MiSTer-devel_SMS_MiSTer	built	scripts/build-sms-v2.sh	artifacts/sms-v2/SMS_v2.rbf	pass	pending	
_Console	Sega Game Gear 2P	GameGear2P	yes	https://github.com/MiSTer-devel/SMS_MiSTer.git	GameGear2P	MiSTer-devel_SMS_MiSTer	not-ported			not-run	not-run	
_Console	Super Nintendo Entertainment System (SNES)	SNES	yes	https://github.com/MiSTer-devel/SNES_MiSTer.git		MiSTer-devel_SNES_MiSTer	packaged	scripts/build-snes.sh	artifacts/snes/SNES_20260814_FDCD.rbf	pass	pending	
_Console	Bandai Super Vision 8000	SuperVision8000	no	https://github.com/MiSTer-devel/Super_Vision_8000_MiSTer.git		MiSTer-devel_Super_Vision_8000_MiSTer	not-ported			not-run	not-run	
_Console	Epoch Super Cassette Vision	SCV	no	https://github.com/MiSTer-devel/SuperCassetteVision_MiSTer.git		MiSTer-devel_SuperCassetteVision_MiSTer	not-ported			not-run	not-run	
_Console	Watara SuperVision	SuperVision	yes	https://github.com/MiSTer-devel/SuperVision_MiSTer.git		MiSTer-devel_SuperVision_MiSTer	not-ported			not-run	not-run	
_Console	TurboGrafx-16/PC Engine	TGFX16	no	https://github.com/MiSTer-devel/TurboGrafx16_MiSTer.git		MiSTer-devel_TurboGrafx16_MiSTer	packaged	scripts/build-tgfx16.sh	artifacts/tgfx16/TurboGrafx16_20260814_FDCD.rbf	pass	pending	
_Console	Interton VC4000	VC4000	no	https://github.com/MiSTer-devel/VC4000_MiSTer.git		MiSTer-devel_VC4000_MiSTer	not-ported			not-run	not-run	
_Console	Vectrex	VECTREX	yes	https://github.com/MiSTer-devel/Vectrex_MiSTer.git		MiSTer-devel_Vectrex_MiSTer	not-ported			not-run	not-run	
_Console	Virtual Boy	VirtualBoy	yes	https://github.com/MiSTer-devel/VirtualBoy_MiSTer.git		MiSTer-devel_VirtualBoy_MiSTer	not-ported			not-run	not-run	
_Console	WonderSwan	WonderSwan	yes	https://github.com/MiSTer-devel/WonderSwan_MiSTer.git		MiSTer-devel_WonderSwan_MiSTer	not-ported			not-run	not-run	
_Other	Arduboy	Arduboy	no	https://github.com/MiSTer-devel/Arduboy_MiSTer.git		MiSTer-devel_Arduboy_MiSTer	not-ported			not-run	not-run	
_Other	Chess	Chess	no	https://github.com/MiSTer-devel/Chess_MiSTer.git		MiSTer-devel_Chess_MiSTer	not-ported			not-run	not-run	
_Other	CHIP-8	Chip8	no	https://github.com/MiSTer-devel/Chip8_MiSTer.git		MiSTer-devel_Chip8_MiSTer	built	scripts/build-chip8-v2.sh	artifacts/chip8-v2/CHIP-8_v2.rbf	pass	pending	
_Other	Donut	Donut	no	https://github.com/MiSTer-devel/Donut_MiSTer.git		MiSTer-devel_Donut_MiSTer	not-ported			not-run	not-run	
_Other	Epoch Galaxy II	EpochGalaxyII	no	https://github.com/MiSTer-devel/EpochGalaxy2_MiSTer.git		MiSTer-devel_EpochGalaxy2_MiSTer	not-ported			not-run	not-run	
_Other	Flappy Bird	FLAPPY	no	https://github.com/MiSTer-devel/FlappyBird_MiSTer.git		MiSTer-devel_FlappyBird_MiSTer	not-ported			not-run	not-run	
_Other	GBMidi	GBMidi	no	https://github.com/MiSTer-devel/GBMidi_MiSTer.git		MiSTer-devel_GBMidi_MiSTer	not-ported			not-run	not-run	
_Other	GenMidi	GenMidi	no	https://github.com/MiSTer-devel/GenMidi_MiSTer.git		MiSTer-devel_GenMidi_MiSTer	not-ported			not-run	not-run	
_Other	Game of Life	GameOfLife	no	https://github.com/MiSTer-devel/Life_MiSTer.git		MiSTer-devel_Life_MiSTer	not-ported			not-run	not-run	
_Other	Slug Cross	SlugCross	no	https://github.com/MiSTer-devel/SlugCross_MiSTer.git		MiSTer-devel_SlugCross_MiSTer	not-ported			not-run	not-run	
_Other	Tamagotchi	Tamagotchi	no	https://github.com/MiSTer-devel/Tamagotchi_MiSTer.git		MiSTer-devel_Tamagotchi_MiSTer	not-ported			not-run	not-run	
_Other	TomyTronic Scramble	TomyScramble	no	https://github.com/MiSTer-devel/TomyScramble_MiSTer.git		MiSTer-devel_TomyScramble_MiSTer	not-ported			not-run	not-run	
_Utility	ADC board test	ADCTest	no	https://github.com/MiSTer-devel/ADCTest_MiSTer.git		MiSTer-devel_ADCTest_MiSTer	not-ported			not-run	not-run	
_Utility	Input test	InputTest	no	https://github.com/MiSTer-devel/InputTest_MiSTer.git		MiSTer-devel_InputTest_MiSTer	packaged	scripts/build-inputtest.sh	artifacts/inputtest/InputTest_20260814_FDCD.rbf	pass	pending	
_Utility	SDRAM board test	MEMTEST	yes	https://github.com/MiSTer-devel/MemTest_MiSTer.git		MiSTer-devel_MemTest_MiSTer	packaged	scripts/build-memtest.sh	artifacts/memtest/MemTest_20260814_FDCD.rbf	pass	pending	
_Utility	Boot Menu		no	https://github.com/MiSTer-devel/Menu_MiSTer.git		MiSTer-devel_Menu_MiSTer	not-ported			not-run	not-run	
_Utility	MiSTer Laggy	MiSTerLaggy	no	https://github.com/MiSTer-devel/MiSTerLaggy_MiSTer.git		MiSTer-devel_MiSTerLaggy_MiSTer	not-ported			not-run	not-run	
_Computer	IBM PC110	PC110	no	https://github.com/ahmadexp/PC110_MiSTer.git		ahmadexp_PC110_MiSTer	packaged	scripts/build-pc110.sh	artifacts/pc110/IBM_PC110_20260825_FDCD_VERTICAL_ACCUM_FIX.rbf	pass	pending	DE25 supplemental core
